{
  "simple_average": {
    "mse": 3.5271632083067015,
    "mae": 1.0740980089642576,
    "rmse": 1.8780743351387084,
    "r2": 0.733280037027637,
    "mape": 1.5745619251473844,
    "acc_5": 99.62178517397882,
    "acc_10": 99.62178517397882
  },
  "weighted_average": {
    "mse": 3.5271810262144805,
    "mae": 1.0740979910904298,
    "rmse": 1.8780790787968649,
    "r2": 0.7332786896582576,
    "mape": 1.5745602175290068,
    "acc_5": 99.62178517397882,
    "acc_10": 99.62178517397882
  },
  "median": {
    "mse": 3.533269398094019,
    "mae": 1.0757724946638099,
    "rmse": 1.879699283953159,
    "r2": 0.7328182940864145,
    "mape": 1.576316834726669,
    "acc_5": 99.62178517397882,
    "acc_10": 99.62178517397882
  },
  "meta_learner": {
    "mse": 3.5205847215902093,
    "mae": 1.0740039640161239,
    "rmse": 1.8763221262859449,
    "r2": 0.7337774945111197,
    "mape": 1.5738176836769238,
    "acc_5": 99.62178517397882,
    "acc_10": 99.62178517397882
  }
}